{"cameraMode":{"drawMode":0,"name":"Shaded","section":"Shading Mode"},"sceneLighting":false,"audioPlay":false,"sceneViewState":{"showFog":true,"showMaterialUpdate":true,"showSkybox":true,"showFlares":true,"showImageEffects":true,"showParticleSystems":true},"in2DMode":false,"pivot":{"x":-24.791418075561525,"y":28.65940284729004,"z":-1.69525146484375},"rotation":{"x":0.03568160906434059,"y":0.0026879331562668087,"z":0.00009621911158319563,"w":-0.9993596076965332},"size":445.52197265625,"orthographic":false}