{"cameraMode":{"drawMode":0,"name":"Shaded","section":"Shading Mode"},"sceneLighting":true,"audioPlay":false,"sceneViewState":{"showFog":true,"showMaterialUpdate":true,"showSkybox":true,"showFlares":true,"showImageEffects":true,"showParticleSystems":true},"in2DMode":false,"pivot":{"x":446.6920471191406,"y":265.275146484375,"z":463.0351867675781},"rotation":{"x":0.005689236335456371,"y":0.00568656949326396,"z":0.00003262465543230064,"w":-0.9999676942825317},"size":961.1642456054688,"orthographic":false}