{"cameraMode":{"drawMode":0,"name":"Shaded","section":"Shading Mode"},"sceneLighting":true,"audioPlay":false,"sceneViewState":{"showFog":true,"showMaterialUpdate":true,"showSkybox":true,"showFlares":true,"showImageEffects":true,"showParticleSystems":true},"in2DMode":false,"pivot":{"x":567.12890625,"y":245.93521118164063,"z":-15.28704833984375},"rotation":{"x":-0.019809233024716378,"y":-0.0033125735353678467,"z":0.00006590504926862195,"w":-0.9997982978820801},"size":920.0867919921875,"orthographic":false}