{"cameraMode":{"drawMode":0,"name":"Shaded","section":"Shading Mode"},"sceneLighting":true,"audioPlay":false,"sceneViewState":{"showFog":true,"showMaterialUpdate":true,"showSkybox":true,"showFlares":true,"showImageEffects":true,"showParticleSystems":true},"in2DMode":false,"pivot":{"x":2011.239990234375,"y":591.3550415039063,"z":666.5107421875},"rotation":{"x":0.021136876195669175,"y":-0.451255202293396,"z":-0.010691698640584946,"w":-0.8920806050300598},"size":3925.855712890625,"orthographic":false}