{"cameraMode":{"drawMode":0,"name":"Shaded","section":"Shading Mode"},"sceneLighting":false,"audioPlay":false,"sceneViewState":{"showFog":true,"showMaterialUpdate":true,"showSkybox":true,"showFlares":true,"showImageEffects":true,"showParticleSystems":true},"in2DMode":false,"pivot":{"x":424.699951171875,"y":139.0999755859375,"z":-31.0},"rotation":{"x":-0.004805011674761772,"y":-0.04829176142811775,"z":0.00023257570865098387,"w":-0.9988217353820801},"size":18726.302734375,"orthographic":false}