{"cameraMode":{"drawMode":0,"name":"Shaded","section":"Shading Mode"},"sceneLighting":true,"audioPlay":false,"sceneViewState":{"showFog":true,"showMaterialUpdate":true,"showSkybox":true,"showFlares":true,"showImageEffects":true,"showParticleSystems":true},"in2DMode":false,"pivot":{"x":332.4125061035156,"y":254.8931884765625,"z":-2.108642578125},"rotation":{"x":0.01168874278664589,"y":-0.007812634110450745,"z":-0.00009105678327614442,"w":-0.9999011754989624},"size":934.6244506835938,"orthographic":false}