{"cameraMode":{"drawMode":0,"name":"Shaded","section":"Shading Mode"},"sceneLighting":false,"audioPlay":false,"sceneViewState":{"showFog":true,"showMaterialUpdate":true,"showSkybox":true,"showFlares":true,"showImageEffects":true,"showParticleSystems":true},"in2DMode":false,"pivot":{"x":415.5,"y":70.51156616210938,"z":-26.912639617919923},"rotation":{"x":-0.022806093096733094,"y":-0.015305081382393837,"z":0.00034940565819852054,"w":-0.9996227025985718},"size":622.2213745117188,"orthographic":false}