{"cameraMode":{"drawMode":0,"name":"Shaded","section":"Shading Mode"},"sceneLighting":true,"audioPlay":false,"sceneViewState":{"showFog":true,"showMaterialUpdate":true,"showSkybox":true,"showFlares":true,"showImageEffects":true,"showParticleSystems":true},"in2DMode":false,"pivot":{"x":900.7565307617188,"y":444.8187561035156,"z":-10.0906982421875},"rotation":{"x":-0.00031063289497978985,"y":-0.0078123873099684719,"z":0.0000026727157091954725,"w":-0.999969482421875},"size":1257.44091796875,"orthographic":false}