{"cameraMode":{"drawMode":0,"name":"Shaded","section":"Shading Mode"},"sceneLighting":false,"audioPlay":false,"sceneViewState":{"showFog":true,"showMaterialUpdate":true,"showSkybox":true,"showFlares":true,"showImageEffects":true,"showParticleSystems":true},"in2DMode":false,"pivot":{"x":-22.080732345581056,"y":0.6554825305938721,"z":67.66766357421875},"rotation":{"x":-0.0078101446852087978,"y":-0.010811303742229939,"z":0.00008468262240057811,"w":-0.9999111294746399},"size":122.87052154541016,"orthographic":false}