{"cameraMode":{"drawMode":0,"name":"Shaded","section":"Shading Mode"},"sceneLighting":true,"audioPlay":false,"sceneViewState":{"showFog":true,"showMaterialUpdate":true,"showSkybox":true,"showFlares":true,"showImageEffects":true,"showParticleSystems":true},"in2DMode":false,"pivot":{"x":874.439697265625,"y":559.9745483398438,"z":464.5443115234375},"rotation":{"x":0.005689236335456371,"y":0.00568656949326396,"z":0.00003262465543230064,"w":-0.9999676942825317},"size":2373.550048828125,"orthographic":false}