{"cameraMode":{"drawMode":0,"name":"Shaded","section":"Shading Mode"},"sceneLighting":false,"audioPlay":false,"sceneViewState":{"showFog":true,"showMaterialUpdate":true,"showSkybox":true,"showFlares":true,"showImageEffects":true,"showParticleSystems":true},"in2DMode":false,"pivot":{"x":251.5,"y":70.51158142089844,"z":-26.912639617919923},"rotation":{"x":0.03568160906434059,"y":0.0026879331562668087,"z":0.00009621911158319563,"w":-0.9993596076965332},"size":28.649723052978517,"orthographic":false}