{"cameraMode":{"drawMode":0,"name":"Shaded","section":"Shading Mode"},"sceneLighting":false,"audioPlay":false,"sceneViewState":{"showFog":true,"showMaterialUpdate":true,"showSkybox":true,"showFlares":true,"showImageEffects":true,"showParticleSystems":true},"in2DMode":false,"pivot":{"x":-1396.732177734375,"y":355.95001220703127,"z":-31.0},"rotation":{"x":-0.031804949045181277,"y":-0.004809253383427858,"z":0.00015328284644056112,"w":-0.9994825720787048},"size":5710.08935546875,"orthographic":false}