{"cameraMode":{"drawMode":0,"name":"Shaded","section":"Shading Mode"},"sceneLighting":false,"audioPlay":false,"sceneViewState":{"showFog":true,"showMaterialUpdate":true,"showSkybox":true,"showFlares":true,"showImageEffects":true,"showParticleSystems":true},"in2DMode":false,"pivot":{"x":-31.632198333740236,"y":-6.577897548675537,"z":-1.6735954284667969},"rotation":{"x":-0.040799256414175037,"y":-0.001811729627661407,"z":0.00007425092917401344,"w":-0.9991657137870789},"size":85.02688598632813,"orthographic":false}