{"cameraMode":{"drawMode":0,"name":"Shaded","section":"Shading Mode"},"sceneLighting":true,"audioPlay":false,"sceneViewState":{"showFog":true,"showMaterialUpdate":true,"showSkybox":true,"showFlares":true,"showImageEffects":true,"showParticleSystems":true},"in2DMode":false,"pivot":{"x":-25.422466278076173,"y":216.42269897460938,"z":458.219482421875},"rotation":{"x":0.005689236335456371,"y":0.00568656949326396,"z":0.00003262465543230064,"w":-0.9999676942825317},"size":1657.5235595703125,"orthographic":false}